ID,NOMBRE,DIRECCION,EMAIL
1,James Martinez,"34762 Michelle Bridge Suite 411
Herreraborough, SD 84232",christinerodriguez@gmail.com
2,Elizabeth Lewis,"USNV Brooks
FPO AA 21336",shelly39@murray.info
3,Nicole Shannon,"7904 Brenda Crossing Suite 288
East Cheryl, OH 47851",shermanjohn@lutz-huang.info
4,Regina Evans,"23081 Elizabeth Turnpike Suite 322
Carlsontown, IA 87993",gregorykoch@yahoo.com
5,Alyssa Myers,"USCGC Beasley
FPO AE 83628",larsonemily@taylor-gonzales.biz
6,Ricky Walker,"3407 Bell Pines
Millermouth, SC 26009",boydholly@hotmail.com
7,Anna Francis,"505 Kevin Lock Suite 798
Anthonytown, AZ 89645",jamesodonnell@lindsey.com
8,Elizabeth Strickland,"Unit 2707 Box 3053
DPO AE 26925",rachelconner@yahoo.com
9,Steven Erickson,"65618 Crystal Pine Suite 065
North Georgemouth, IN 88786",michael31@gmail.com
10,Joshua Gonzalez,"Unit 7499 Box 2118
DPO AA 39469",tcollins@kim-bass.com
11,Nicholas Archer,"6691 Edward Wall
West Emily, NM 01403",bryanrussell@meyers-west.com
12,George Moody,"USNV Johnson
FPO AA 87220",mooreangela@rodriguez-brown.com
13,Patrick Fuentes,"97500 Pruitt Views
Duncanberg, VT 75189",rossluke@gmail.com
14,Courtney Cox,"5157 Lopez Expressway Apt. 248
Hayesborough, ND 28385",bwalter@yahoo.com
15,Benjamin Smith,"8758 Ashley Loop Suite 047
Allisonbury, CO 61107",robin60@gmail.com
16,Crystal Brown,"877 Virginia Circles Apt. 380
North Kevinland, SD 18620",csantana@jones-brown.net
17,Brett Gibbs,"434 Bowen Well
East Gary, NH 62957",bishopnathan@kent.com
18,Johnathan Reynolds,"5253 Tran Plains
Zacharyfurt, VA 34543",bakerann@hotmail.com
19,Angela Mitchell,"03775 Scott Spurs Suite 401
Mullinston, DC 14631",victoria19@gmail.com
20,Mark Garcia,"2850 Perez Shoal Suite 569
Valeriebury, SD 48230",karensutton@morales.com
21,Amanda Bush,"881 Graham Union
Lake Sharonmouth, NH 10868",moraleschristopher@riley.biz
22,Randall Peterson,"369 Tina Street Apt. 433
East Yvette, PA 96563",richardcummings@hotmail.com
23,Sara Noble,"34171 Zamora Glen
Carolynland, OH 20494",lscott@daniels-brown.biz
24,Lydia Kelley,"55852 Troy Oval Suite 901
Rosariomouth, WA 05964",ramosmolly@jones-lopez.com
25,Kimberly Young,"74873 Carrie Forge
South Jenniferberg, LA 05936",timothylittle@hotmail.com
26,Leslie Bradley,"50575 Huang Dale Suite 580
Joshuabury, IA 41629",joshuavargas@yahoo.com
27,Renee Griffin,"Unit 9649 Box 5424
DPO AE 77245",allenmaureen@keith.org
28,Erika Watkins,"807 Lopez Forge Suite 752
Donaldsonside, RI 27012",iburton@ballard.org
29,Brooke Gonzales,"226 Kyle Street Suite 147
Maryhaven, MN 18245",jonathan01@gmail.com
30,Michael Solomon,"83688 Long Alley Suite 421
Robertsonfurt, AL 03286",srodriguez@walker-nelson.com
31,Dr. Jessica Torres,"2869 Sharon Mountains Suite 729
West Kristinland, VT 15640",jessicajenkins@hotmail.com
32,Derek Durham,"839 Shah Loop
West Madisonmouth, WV 56930",kristy01@hotmail.com
33,Justin Brown,"218 Nelson Port
South Felicia, MN 51942",portermercedes@martin-robinson.com
34,Jennifer Hodge,"984 Ward Ridges
West Kevin, SD 38270",fdaniel@carter-day.com
35,Wendy Mitchell,"5714 Johns Route
Joneschester, IA 27759",jenkinssteven@yahoo.com
36,Michael Clark,"894 Perez Drive Apt. 767
Michelleside, MO 05552",alexiswilson@henderson.biz
37,Carrie Mendez,"362 Martin Place Suite 863
Jenniferview, IA 37311",smithkathleen@williams.com
38,Michael Woods,"33751 Nicole Freeway
Aprilmouth, TX 24849",pauladams@santos.com
39,Jessica Campbell,"39803 Chandler Orchard
Belltown, KY 38211",robinsondanielle@hotmail.com
40,Lori Stone,"5779 Arthur Union
Milesland, AL 17334",jill02@gmail.com
41,Adam Bolton,"0081 Lara Point Apt. 497
Hendersonfurt, MO 95939",darrell18@collins.com
42,Derek Sheppard,"74074 Raymond Inlet
Cookport, AL 91849",ryangutierrez@sosa-smith.biz
43,Mitchell Wolf,"688 Tiffany Trafficway Apt. 062
New Elizabethview, AL 97686",paul50@mahoney.info
44,Caitlin Kelley,"5250 Dominique Keys
Gravestown, MS 51157",hamptonjoel@gmail.com
45,Steven Gilbert,"PSC 6747, Box 8886
APO AP 89059",suepatel@hotmail.com
46,Jack Miller,"970 Molina Ford Suite 481
Clinefort, MA 51402",alexandraklein@johnson.com
47,Adam Castillo,"33673 Anna Fords Suite 985
West Davidfurt, MD 28578",gsandoval@gmail.com
48,William Jones,"67414 Hill Dale Apt. 353
Josephstad, SD 10001",jose95@cooley-fry.com
49,Richard Gutierrez,"87795 Valentine Drive
Gregorystad, AR 65241",twhite@reed.com
50,Sara Haynes,"2609 William Ferry Suite 421
Nelsonport, NJ 22808",gibsonmark@rogers.info
51,Angela Fields,"69334 Hill Mission
Port Johnathan, WY 31546",frazierloretta@matthews.com
52,Lawrence Gardner,"15653 Sara Land
Johnsonport, VA 99018",paulmorgan@hotmail.com
53,Gregory King,"3280 Davis Locks
Shannonstad, KY 89045",kristina66@hotmail.com
54,Curtis Rodriguez,"01275 Smith Gardens
Ellisstad, CT 08422",ajenkins@frederick.com
55,Christopher Curry,"PSC 5734, Box 1907
APO AE 52280",matthewsmith@robbins-craig.com
56,Rebecca Herman,"6536 Simon Orchard Apt. 571
Tanyamouth, FL 59729",gjones@yahoo.com
57,Jacqueline Hendrix,"828 Jacob Drives Apt. 985
Laurenmouth, OK 42661",cindyreyes@hotmail.com
58,Jonathan Carter,"2175 Kenneth Expressway
Sarahtown, GA 81157",normanashley@suarez-brock.net
59,Sheri Roberts,"5465 Levine Views
Juliechester, NV 31455",fbowen@torres.com
60,Dawn Chambers,"7781 Joshua Landing
New Gregoryburgh, IN 78415",zward@yahoo.com
61,Michael Wagner,"2929 Butler Squares Suite 967
Port Sara, SC 35901",smontgomery@stanley-ball.com
62,Rebecca Miller PhD,"156 Oliver Gateway Apt. 264
Davidside, DC 15638",robert84@zuniga.com
63,Brandon Elliott,"4193 Bruce Crest Apt. 997
Lake Katrina, OH 11453",tgreen@medina.com
64,Barbara Smith,"22652 James Inlet
Port Janet, WI 75752",jennifergardner@gmail.com
65,Kim Holloway,"Unit 1463 Box 5674
DPO AP 95033",jerry74@hotmail.com
66,David Nash,"37310 David Meadows Suite 755
Kramershire, MT 33619",lbrown@yahoo.com
67,Denise Lutz,"Unit 2880 Box 0117
DPO AA 36855",sarahlong@jones-espinoza.biz
68,Lisa Hansen,"121 Ward Circles Suite 355
Richardfurt, UT 23574",sflores@gmail.com
69,Ashley Macias,"8300 Jennifer Meadows Apt. 759
New Nicholas, WY 43060",mccarthynicole@gilbert-howard.biz
70,Lauren Rowe,"688 Thomas Cliff
New Frank, MI 61091",kimbentley@andrade.com
71,Joseph Anderson,"40841 Roach Row Apt. 214
Christopherberg, MO 55708",fbutler@yahoo.com
72,Thomas Smith,"526 Sanchez Spurs Suite 388
Alisonton, NY 47623",sfrazier@evans.info
73,Scott Guerra,"USNV Smith
FPO AE 67328",lematthew@drake.com
74,Joanna Rios,"775 Berry Parkways Apt. 749
New Christopher, MT 72416",aaron47@decker-diaz.info
75,Jonathan Johnson,"03109 Nicole Port Apt. 681
Gutierrezberg, NM 58564",jennifer05@gmail.com
76,Aaron Adams,"USS Johnson
FPO AP 03208",james21@gmail.com
77,Matthew Washington,"7399 Jenna Groves
Rogerbury, CO 52982",sarah54@watson.org
78,Dennis Bennett,"213 Timothy Coves
Lake Richard, WV 68021",kimberlyschultz@owens-gill.com
79,Timothy Horton,"297 Michelle Run Suite 047
New Christiantown, WY 69305",robert99@hotmail.com
80,Jennifer Martinez,"356 Wolfe Plains Suite 777
East Paulland, FL 57753",josephacevedo@yahoo.com
81,Maria Wallace,"1107 Salazar Estate Apt. 448
West Rose, ME 62479",amberrodriguez@hotmail.com
82,Jennifer Kemp,"861 Becker Landing Suite 310
Lawrenceberg, IN 36245",stewartanne@green.org
83,Jonathan Reese,"218 Nicholas Trail
Lake Shannonton, IN 74089",mariarussell@pacheco-roman.info
84,Jesus Kennedy,"3859 Burke Greens Apt. 903
Millermouth, RI 65055",umunoz@yahoo.com
85,Brian King,"69832 Tammy Mills Suite 679
South Helenmouth, OH 69244",tracy61@melendez-jenkins.com
86,Jessica Greene,"79977 Miranda Mills
North Bryan, WV 80652",beckchristopher@hodges-rodriguez.net
87,Alejandro Jones,"108 Mosley Stravenue Suite 319
Conniemouth, TX 88293",clinemichael@lee-marsh.com
88,Julie Wallace,"8890 Aaron Course
Wangton, MO 12562",adam00@yahoo.com
89,Alexander Hodges,"4289 Ann Drive
Stephanieview, MO 98427",amanda59@gmail.com
90,Michael Gibson,"715 Frank Shores
New Jamesport, NV 47282",jonesjeffrey@hotmail.com
91,Natalie Wu,"01650 David Ridges Suite 706
Scottborough, WV 74815",allendonna@gmail.com
92,Susan Adams,"47262 Robert Glen
Port Jose, RI 54100",ismith@conley.com
93,Emily Anderson,"940 Robert Union Apt. 771
Rebeccahaven, WV 30575",campbellholly@yahoo.com
94,Joseph Underwood,"405 Morgan Roads
Port Jason, ID 49265",stanleyanthony@hotmail.com
95,Andrea Long,"25780 Mitchell Divide Suite 071
Perezhaven, SD 23951",patriciarivers@davis.com
96,Joseph Bennett,"PSC 3215, Box 0869
APO AA 75765",christine10@yahoo.com
97,Joseph Murphy,"PSC 3803, Box 0566
APO AP 92017",hollychoi@howard-perez.com
98,Shannon Davis,"2891 Jones Ville
South Susan, UT 06051",moodyjennifer@bennett.com
99,Kevin Oliver,"097 Gonzalez Trail
Elizabethmouth, MA 17335",douglasfarmer@alexander.com
100,Joshua Snyder,"55377 Steven Place
Brownmouth, MA 90948",jellis@yahoo.com
